INSERT users (id, birth_date, created_on, email, first_name, is_active, last_name, password, phone_number, profile_picture, sex_enum, username, city_id, country_id) VALUES (1, '1989-11-10', '2023-11-28 15:53:23.608344', 'dani.ganchev1989@gmail.com', 'Daniel', 1, 'Ganchev', '6bf5a19e471a7eae489fa60cf61afd0d5db0e0c9df78faccb54c62e70f66f065740952d62ce25b1a6658a4edb94ee0cd', '0898718488', 'http://res.cloudinary.com/danjpzd8z/image/upload/v1701434763/rjq0ugfgtdiqazleupla.jpg', 'MALE', 'admin', 7537, 30);
INSERT users (id, birth_date, created_on, email, first_name, is_active, last_name, password, phone_number, profile_picture, sex_enum, username, city_id, country_id) VALUES (2, '1989-11-02', '2023-11-28 15:57:24.267038', 'coltarq@gmail.com', 'Georgi', 1, 'Ivanov', 'b84d854504f035e2a75eaeb02647789fb4336fe2d32a3bb7f653d433ec11c0ae394713e2d112db6226a98ad506efbad4', '0898718488', 'http://res.cloudinary.com/danjpzd8z/image/upload/v1701434763/rjq0ugfgtdiqazleupla.jpg', 'MALE', 'dodo', 5389, 26);
INSERT users (id, birth_date, created_on, email, first_name, is_active, last_name, password, phone_number, profile_picture, sex_enum, username, city_id, country_id) VALUES (3, '1989-11-02', '2023-11-28 17:11:56.055917', 'b0rnfr0mtears@abv.bg', 'Petyr', 1, 'Dimov', '083e78d6554c4887adf35e8c6ec28e9165d1a97e016e99eedc97b4b5076130d72f514377317d0cebc5e47d23c70b3f20', '0898718488', 'http://res.cloudinary.com/danjpzd8z/image/upload/v1701434763/rjq0ugfgtdiqazleupla.jpg', 'FEMALE', 'coltarq', 5376, 25);
INSERT users (id, birth_date, created_on, email, first_name, is_active, last_name, password, phone_number, profile_picture, sex_enum, username, city_id, country_id) VALUES (4, '1989-11-02', '2023-11-28 17:11:56.055917', 'dodo@gmail.com', 'Stanislav', 1, 'Petrov', '083e78d6554c4887adf35e8c6ec28e9165d1a97e016e99eedc97b4b5076130d72f514377317d0cebc5e47d23c70b3f20', '0898718488', 'http://res.cloudinary.com/danjpzd8z/image/upload/v1701434763/rjq0ugfgtdiqazleupla.jpg', 'FEMALE', 'stanislav', 5376, 25);
INSERT users (id, birth_date, created_on, email, first_name, is_active, last_name, password, phone_number, profile_picture, sex_enum, username, city_id, country_id) VALUES (5, '1990-05-15', '2023-11-28 18:30:45.123456', 'john.doe@gmail.com', 'John', 0, 'Doe', '083e78d6554c4887adf35e8c6ec28e9165d1a97e016e99eedc97b4b5076130d72f514377317d0cebc5e47d23c70b3f20', '0888123456', 'http://res.cloudinary.com/danjpzd8z/image/upload/v1701434763/rjq0ugfgtdiqazleupla.jpg', 'MALE', 'john_doe', 5376, 25);
INSERT users (id, birth_date, created_on, email, first_name, is_active, last_name, password, phone_number, profile_picture, sex_enum, username, city_id, country_id) VALUES (6, '1988-08-20', '2023-11-28 18:45:32.987654', 'jane.smith@gmail.com', 'Jane', 1, 'Smith', '083e78d6554c4887adf35e8c6ec28e9165d1a97e016e99eedc97b4b5076130d72f514377317d0cebc5e47d23c70b3f20', '0876234012', 'http://res.cloudinary.com/danjpzd8z/image/upload/v1701434763/rjq0ugfgtdiqazleupla.jpg', 'FEMALE', 'jane_smith', 5380, 27);
INSERT users (id, birth_date, created_on, email, first_name, is_active, last_name, password, phone_number, profile_picture, sex_enum, username, city_id, country_id) VALUES (7, '1992-02-10', '2023-11-28 19:15:10.555555', 'alex.jones@gmail.com', 'Alex', 0, 'Jones', '083e78d6554c4887adf35e8c6ec28e9165d1a97e016e99eedc97b4b5076130d72f514377317d0cebc5e47d23c70b3f20', '0899332211', 'http://res.cloudinary.com/danjpzd8z/image/upload/v1701434763/rjq0ugfgtdiqazleupla.jpg', 'MALE', 'alex_jones', 5390, 28);
INSERT users (id, birth_date, created_on, email, first_name, is_active, last_name, password, phone_number, profile_picture, sex_enum, username, city_id, country_id) VALUES (8, '1991-12-03', '2023-11-28 19:42:18.777777', 'emma.white@gmail.com', 'Emma', 1, 'White', '083e78d6554c4887adf35e8c6ec28e9165d1a97e016e99eedc97b4b5076130d72f514377317d0cebc5e47d23c70b3f20', '0887445566', 'http://res.cloudinary.com/danjpzd8z/image/upload/v1701434763/rjq0ugfgtdiqazleupla.jpg', 'FEMALE', 'emma_white', 5375, 29);
INSERT users (id, birth_date, created_on, email, first_name, is_active, last_name, password, phone_number, profile_picture, sex_enum, username, city_id, country_id) VALUES (9, '1993-07-25', '2023-11-28 20:05:29.888888', 'michael.brown@gmail.com', 'Michael', 1, 'Brown', '083e78d6554c4887adf35e8c6ec28e9165d1a97e016e99eedc97b4b5076130d72f514377317d0cebc5e47d23c70b3f20', '0877112233', 'http://res.cloudinary.com/danjpzd8z/image/upload/v1701434763/rjq0ugfgtdiqazleupla.jpg', 'MALE', 'michael_brown', 5382, 30);
INSERT users (id, birth_date, created_on, email, first_name, is_active, last_name, password, phone_number, profile_picture, sex_enum, username, city_id, country_id) VALUES (10, '1994-09-18', '2023-11-28 20:35:47.999999', 'olivia.miller@gmail.com', 'Olivia', 0, 'Miller', '083e78d6554c4887adf35e8c6ec28e9165d1a97e016e99eedc97b4b5076130d72f514377317d0cebc5e47d23c70b3f20', '0888334455', 'http://res.cloudinary.com/danjpzd8z/image/upload/v1701434763/rjq0ugfgtdiqazleupla.jpg', 'FEMALE', 'olivia_miller', 5378, 31);
INSERT users (id, birth_date, created_on, email, first_name, is_active, last_name, password, phone_number, profile_picture, sex_enum, username, city_id, country_id) VALUES (11, '1995-04-12', '2023-11-28 21:10:59.111111', 'ryan.wilson@gmail.com', 'Ryan', 1, 'Wilson', '083e78d6554c4887adf35e8c6ec28e9165d1a97e016e99eedc97b4b5076130d72f514377317d0cebc5e47d23c70b3f20', '0878556677', 'http://res.cloudinary.com/danjpzd8z/image/upload/v1701434763/rjq0ugfgtdiqazleupla.jpg', 'MALE', 'ryan_wilson', 5385, 32);
INSERT users (id, birth_date, created_on, email, first_name, is_active, last_name, password, phone_number, profile_picture, sex_enum, username, city_id, country_id) VALUES (12, '1996-11-08', '2023-11-28 21:45:12.222222', 'sophia.johnson@gmail.com', 'Sophia', 1, 'Johnson', '083e78d6554c4887adf35e8c6ec28e9165d1a97e016e99eedc97b4b5076130d72f514377317d0cebc5e47d23c70b3f20', '0889777888', 'http://res.cloudinary.com/danjpzd8z/image/upload/v1701434763/rjq0ugfgtdiqazleupla.jpg', 'FEMALE', 'sophia_johnson', 5387, 33);
INSERT users (id, birth_date, created_on, email, first_name, is_active, last_name, password, phone_number, profile_picture, sex_enum, username, city_id, country_id) VALUES (13, '1989-12-15', '2023-12-01 14:42:35.326659', 'coltarq1@gmail.com', 'Koce', 0, 'Kocev', '8c9b93a1dc6518ee6218680cf0a2eadf9076992c706ae60bd325b931a80f6b41eb2a04d720e77486a8a97c3f208330ff', '0898718488', 'http://res.cloudinary.com/danjpzd8z/image/upload/v1701434763/rjq0ugfgtdiqazleupla.jpg', 'MALE', 'zxc', 20, 3);
INSERT users (id, birth_date, created_on, email, first_name, is_active, last_name, password, phone_number, profile_picture, sex_enum, username, city_id, country_id) VALUES (14, '1989-12-08', '2023-12-01 14:43:50.857098', 'coltarq2@gmail.com', 'Stamat', 0, 'Vihnev', '78baeb3c67681209d971068c9b689ffcdbb4b2a443e308a83020169fd9c8ce6f16490a87bec4e8377b1fbbe4005d1edd', '0898718488', 'http://res.cloudinary.com/danjpzd8z/image/upload/v1701434763/rjq0ugfgtdiqazleupla.jpg', 'MALE', 'zxc123', 39, 3);
INSERT users (id, birth_date, created_on, email, first_name, is_active, last_name, password, phone_number, profile_picture, sex_enum, username, city_id, country_id) VALUES (15, '1989-12-07', '2023-12-01 14:46:10.389760', 'coltarq1@abv.bg', 'Daniel', 1, 'Ganchev', '171f96ff37112089ad019cf8e8b2e424923310396ff39150ec9d131d5cfc30e40783bed689f59cd2570fe928939aa8e8', '0898718488', 'http://res.cloudinary.com/danjpzd8z/image/upload/v1701434763/rjq0ugfgtdiqazleupla.jpg', 'FEMALE', 'coltarq2', 7471, 30);


INSERT INTO users_roles (user_id, role_id)
values (1, 1)  ,
       (2, 2)

        , (3, 3),
          (4, 3)
    , (5, 3),
          (6, 3)
    , (7, 2),
          (8, 2
       ), (9, 2),
          (10, 2
         ), (11, 2),
             (12, 2
             ), (13, 3
       ), (14, 3),
          (15, 2
         );

INSERT INTO blogs (title, description, author, date, image, user_id)
VALUES ('Fitness Tips for Beginners', 'This blog post provides useful tips for people who are new to fitness.', 'John Doe', '2023-11-28 20:35:47.999999', 'http://res.cloudinary.com/danjpzd8z/image/upload/v1701434763/rjq0ugfgtdiqazleupla.jpg', 2),
('Fitness Tips for Beginners', 'Discover the secrets of maintaining a healthy lifestyle. This blog post explores the importance of regular exercise and balanced nutrition, providing practical tips to incorporate them into your daily routine.', 'John Doe', '2023-12-01 14:43:50.857098', 'http://res.cloudinary.com/danjpzd8z/image/upload/v1701434763/rjq0ugfgtdiqazleupla.jpg', 3),
('Fitness Tips for Beginners', 'Uncover the benefits of strength training in this informative blog post. Learn how lifting weights can improve your overall health and wellbeing, and get started with our beginner-friendly workout routines.', 'John Doe', '2023-11-28 17:11:56.055917', 'http://res.cloudinary.com/danjpzd8z/image/upload/v1701434763/rjq0ugfgtdiqazleupla.jpg', 4),
 ('Fitness Tips for Beginners', 'Explore the world of yoga with our comprehensive guide. Understand the different styles of yoga and their benefits, and find out how to get started with simple poses and sequences.', 'John Doe', '2023-11-28 15:53:23.608344', 'http://res.cloudinary.com/danjpzd8z/image/upload/v1701434763/rjq0ugfgtdiqazleupla.jpg', 6),
 ('Fitness Tips for Beginners', 'Dive into the science of cardio workouts in this enlightening blog post. Understand how activities like running, cycling, and swimming can boost your heart health and endurance.', 'John Doe', '2023-12-01 14:43:50.857098', 'http://res.cloudinary.com/danjpzd8z/image/upload/v1701434763/rjq0ugfgtdiqazleupla.jpg', 8),
('Fitness Tips for Beginners', 'Learn about the importance of flexibility in fitness. This blog post explains how regular stretching can enhance your performance, prevent injuries, and promote recovery.', 'John Doe', '2023-12-02 14:43:50.857098', 'http://res.cloudinary.com/danjpzd8z/image/upload/v1701434763/rjq0ugfgtdiqazleupla.jpg', 8),
('Fitness Tips for Beginners', 'Get the lowdown on high-intensity interval training (HIIT) in this blog post. Discover how short, intense workouts can help you burn fat, build muscle, and improve your cardiovascular health.', 'John Doe', '2023-12-03 14:43:50.857098', 'http://res.cloudinary.com/danjpzd8z/image/upload/v1701434763/rjq0ugfgtdiqazleupla.jpg', 8);